MCQ: A sheet has A1 = 4, A2 = 6, A3 = 8 and A4 = 10. What does =SUM(A2:A4) return?<br>A) 18 B) 24 C) 28 D) 30<br><br>FILL: The address of the cell in column C and row 3 is ____<br><br>HINDI TO TASK: Write a formula that adds the numbers in cells B2 down to B6.<br><br>PRACTICE QUESTION: A1: 4<br>A2: 6<br>A3: 8<br>A4: 10<br>B1: =SUM(A2:A4)<br>What does B1 show?	MCQ answer: B  A2:A4 covers A2, A3 and A4, so 6 + 8 + 10 = 24; 28 would include A1 only by mistake, and 30 is a different total.<br>Fill answer: C3<br>Task answer:<br>B7: =SUM(B2:B6)<br>Practice answer:<br>24	01_Basics_&_Cells_Beginner_XL-001_quiz
MCQ: A cell shows 2500 on the left side of the cell, and SUM leaves it out. What is the most likely reason?<br>A) It is stored as text B) It is formatted as currency C) It is stored as a date D) The column is too narrow<br><br>FILL: Excel stores the date 1 January 2024 internally as the number ____<br><br>HINDI TO TASK: Write a formula that tells whether cell A1 holds a number.<br><br>PRACTICE QUESTION: A1: 50<br>A2: '50 (text)<br>A3: 50<br>B1: =SUM(A1:A3)<br>What does B1 show?	MCQ answer: A  Numbers align right by default and SUM skips text; currency or date formats do not make SUM skip a value.<br>Fill answer: 45292<br>Task answer:<br>B1: =ISNUMBER(A1)<br>Practice answer:<br>100	01_Basics_&_Cells_Beginner_XL-002_quiz
MCQ: A1 contains 5 and nothing else. You drag the fill handle from A1 down to A3 without pressing any key. What does A3 show?<br>A) 3 B) 5 C) 7 D) 15<br><br>FILL: The small square at the bottom-right corner of a selected cell is called the ____<br><br>HINDI TO TASK: Fill the numbers 10, 20, 30, 40 in column A using only two typed cells.<br><br>PRACTICE QUESTION: A1: 10<br>A2: 20<br>You select A1:A2 and drag the fill handle down to A4.<br>What does A4 show?	MCQ answer: B  One plain number is copied, so A2 and A3 both show 5; counting needs two example cells or the Ctrl key.<br>Fill answer: fill handle<br>Task answer:<br>A1: 10<br>A2: 20<br>Select A1:A2 and drag the fill handle down to A4<br>Practice answer:<br>40	01_Basics_&_Cells_Beginner_XL-003_quiz
MCQ: You used Flash Fill to get first names in column B. Later you change the name in A2. What happens to the value in B2?<br>A) It updates by itself B) It turns into an error C) It stays as it was D) It is deleted<br><br>FILL: The Windows shortcut for Flash Fill is Ctrl + ____<br><br>HINDI TO TASK: Column A has full names. Get only the first name in column B using Flash Fill.<br><br>PRACTICE QUESTION: A1: Ravi Kumar<br>A2: Sita Devi<br>You type Ravi in B1, click B2 and press Ctrl+E.<br>What does B2 show?	MCQ answer: C  Flash Fill pastes fixed values, not formulas, so B2 does not follow A2 afterwards.<br>Fill answer: E<br>Task answer:<br>B1: type the first name by hand<br>Click B2 and press Ctrl+E<br>Practice answer:<br>Sita	01_Basics_&_Cells_Beginner_XL-004_quiz
MCQ: C2 holds =A2*B1. You copy C2 down to C3. What does C3 contain?<br>A) =A3*B1 B) =A3*B2 C) =A2*B2 D) =A3*$B$1<br><br>FILL: To lock both the column and row of B1 in a formula, write ____<br><br>HINDI TO TASK: Price is in A2:A4 and the discount rate is in D1. Write the formula for C2 so it can be copied down.<br><br>PRACTICE QUESTION: A1: 5<br>B2: 10<br>B3: 20<br>C2: =B2*$A$1<br>You copy C2 to C3.<br>What does C3 show?	MCQ answer: B  Without dollar signs both references move down by one row, so A2 becomes A3 and B1 becomes B2.<br>Fill answer: $B$1<br>Task answer:<br>C2: =A2*$D$1<br>Practice answer:<br>100	01_Basics_&_Cells_Beginner_XL-005_quiz
MCQ: A1 = 2, A2 holds the text '3 (typed with an apostrophe) and A3 = 4. What does =SUM(A1:A3) show?<br>A) 9 B) 6 C) #VALUE! D) 2<br><br>FILL: The Windows shortcut for AutoSum is Alt + ____<br><br>HINDI TO TASK: Add the numbers in A1 to A2 and also B2 in one formula.<br><br>PRACTICE QUESTION: A1: 12<br>A2: 8<br>B1: 5<br>B2: 15<br>C1: =SUM(A1:A2,B2)<br>What does C1 show?	MCQ answer: B  SUM skips text inside a range, so only 2 and 4 are added; 9 would count the text as 3.<br>Fill answer: =<br>Task answer:<br>C1: =SUM(A1:A2,B2)<br>Practice answer:<br>35	02_Basic_Functions_Beginner_XL-006_quiz
MCQ: Cells A1, A2, A3 hold 50, 0 (typed zero) and 100. What does =AVERAGE(A1:A3) show?<br>A) 75 B) 50 C) 150 D) 0<br><br>FILL: The function that returns the biggest number in a range is ____<br><br>HINDI TO TASK: Find the lowest mark in cells A1 to A5 using a formula.<br><br>PRACTICE QUESTION: A1: 4<br>A2: 8<br>A3: (empty)<br>A4: 12<br>B1: =AVERAGE(A1:A4)<br>What does B1 show?	MCQ answer: B  The zero counts as a value, so the total 150 is divided by 3 giving 50; 75 would ignore the zero.<br>Fill answer: MAX<br>Task answer:<br>B1: =MIN(A1:A5)<br>Practice answer:<br>8	02_Basic_Functions_Beginner_XL-007_quiz
MCQ: A1 = 5, A2 = Amit, A3 is empty and A4 = 9. What does =COUNT(A1:A4) return?<br>A) 4 B) 3 C) 2 D) 1<br><br>FILL: The function that counts empty cells in a range is ____<br><br>HINDI TO TASK: Count how many cells from A1 to A10 contain anything at all.<br><br>PRACTICE QUESTION: A1: 7<br>A2: hello<br>A3: (empty)<br>A4: 3<br>A5: (empty)<br>B1: =COUNTA(A1:A5)-COUNT(A1:A5)<br>What does B1 show?	MCQ answer: C  COUNT counts only numbers, so 5 and 9 give 2; 3 would be COUNTA, which also counts the name.<br>Fill answer: COUNTBLANK<br>Task answer:<br>B1: =COUNTA(A1:A10)<br>Practice answer:<br>1	02_Basic_Functions_Beginner_XL-008_quiz
MCQ: What does the formula =ROUNDDOWN(-3.7,0) return?<br>A) -4 B) -3 C) -3.7 D) 0<br><br>FILL: =ROUND(1234,-2) gives ____<br><br>HINDI TO TASK: Round the number in A1 to one decimal place and always upwards.<br><br>PRACTICE QUESTION: A1: 15.249<br>B1: =ROUNDUP(A1,1)<br>What does B1 show?	MCQ answer: B  ROUNDDOWN moves toward zero, so -3.7 becomes -3; -4 would be ROUNDUP, which moves away from zero.<br>Fill answer: 1200<br>Task answer:<br>B1: =ROUNDUP(A1,1)<br>Practice answer:<br>15.3	02_Basic_Functions_Beginner_XL-009_quiz
MCQ: You type 25% directly into an empty cell. What value does Excel store in that cell?<br>A) 25 B) 0.25 C) 2.5 D) 0.025<br><br>FILL: The Windows shortcut to apply Percentage format is Ctrl+Shift+____<br><br>HINDI TO TASK: Make the number 1234.5 in cell A1 appear as currency with two decimals.<br><br>PRACTICE QUESTION: A1: 0.07<br>Select A1 and press Ctrl+Shift+5.<br>What does A1 show?	MCQ answer: B  Excel stores a percent as a fraction of 1, so 25% is 0.25; the % sign is only how it is displayed.<br>Fill answer: 5<br>Task answer:<br>Select A1 and press Ctrl+Shift+4<br>Practice answer:<br>7%	03_Formatting_&_Organising_Beginner_XL-010_quiz
MCQ: You select only column B (Marks) in a Name and Marks table and sort it, choosing Continue with the current selection. What happens to the names in column A?<br>A) They move together with the marks B) They stay where they were, so names no longer match marks C) They are sorted A to Z as well D) Excel deletes them<br><br>FILL: To keep names with their marks, choose ____ the selection when Excel asks<br><br>HINDI TO TASK: Make a small list of three items with prices and put it in order from the lowest price to the highest.<br><br>PRACTICE QUESTION: A1: Item, B1: Price. A2: Pen 20, A3: Book 50, A4: Ink 5. You click B2 and use Data tab > Sort Smallest to Largest. In what order do the items appear from row 2 to row 4?	MCQ answer: B  Continue with the current selection sorts only the selected cells, so column A is untouched and the rows no longer match.<br>Fill answer: Expand<br>Task answer:<br>A1: Item<br>B1: Price<br>A2: Pen<br>B2: 20<br>A3: Book<br>B3: 50<br>A4: Ink<br>B4: 5<br>Steps: click B2 > Data tab > Sort Smallest to Largest<br>Result: Ink 5, Pen 20, Book 50<br>Practice answer:<br>Ink, Pen, Book (prices 5, 20, 50)	03_Formatting_&_Organising_Beginner_XL-011_quiz
MCQ: After you filter a City column to show only Delhi, where do the Pune rows go?<br>A) They are permanently deleted B) They are moved to a new sheet C) They are hidden but still in the sheet D) They are changed to Delhi<br><br>FILL: The keyboard shortcut to turn filter arrows on or off is ____<br><br>HINDI TO TASK: Show only the items that have a quantity greater than 5 from a small three-row list.<br><br>PRACTICE QUESTION: A1: Item, B1: Qty. A2: Pen 10, A3: Book 3, A4: Ink 7. You apply Number Filters > Greater Than > 5 on Qty. Which items stay visible?	MCQ answer: C  Filter only hides non-matching rows; the row numbers skip, and clearing the filter brings them back.<br>Fill answer: Ctrl+Shift+L<br>Task answer:<br>A1: Item<br>B1: Qty<br>A2: Pen<br>B2: 10<br>A3: Book<br>B3: 3<br>A4: Ink<br>B4: 7<br>Steps: click A1 > Ctrl+Shift+L > arrow in B1 > Number Filters > Greater Than > 5 > OK<br>Result: Pen and Ink are visible<br>Practice answer:<br>Pen and Ink (Book is hidden)	03_Formatting_&_Organising_Beginner_XL-012_quiz
MCQ: You want rows 1 and 2 and column A to stay fixed while scrolling. Which cell should you click before choosing Freeze Panes?<br>A) A2 B) B2 C) B3 D) C3<br><br>FILL: To turn frozen rows off, choose View tab > Freeze Panes > ____<br><br>HINDI TO TASK: Keep the top heading row of a long list fixed while scrolling down.<br><br>PRACTICE QUESTION: You want rows 1 and 2 and also column A to stay fixed. Which cell do you click before using View tab > Freeze Panes > Freeze Panes?	MCQ answer: C  Excel freezes everything above and to the left of the clicked cell: rows 1 and 2 are above row 3, and column A is left of column B.<br>Fill answer: Unfreeze Panes<br>Task answer:<br>Steps: View tab > Freeze Panes > Freeze Top Row<br>Result: row 1 stays on the screen<br>Practice answer:<br>B3	03_Formatting_&_Organising_Beginner_XL-013_quiz
MCQ: A table named Table1 has Sales values 100 and 250, and you type 50 in the next empty row directly below it. What does =SUM(Table1[Sales]) give?<br>A) 350 B) 400 C) 300 D) 150<br><br>FILL: The keyboard shortcut to create a table is ____<br><br>HINDI TO TASK: Turn a small list of two items and their sales into a table and total the sales with a formula.<br><br>PRACTICE QUESTION: Table1 has Sales values 100 and 250. You type Ink and 50 in the row directly below the table. D1 has =SUM(Table1[Sales]). What does D1 show?	MCQ answer: B  The table expands to include the new row, so the sum is 100 + 250 + 50 = 400; 350 would be the old total before the new row.<br>Fill answer: Ctrl+T<br>Task answer:<br>A1: Item<br>B1: Sales<br>A2: Pen<br>B2: 100<br>A3: Book<br>B3: 250<br>Steps: click A1 > Ctrl+T > OK<br>D1: =SUM(Table1[Sales])<br>Result: 350<br>Practice answer:<br>400	03_Formatting_&_Organising_Intermediate_XL-014_quiz
MCQ: A1 has 30, A2 has 55 and A3 has 80. You apply Highlight Cells Rules > Greater Than > 50 to A1:A3. Which cells are coloured?<br>A) Only A3 B) A1 and A2 C) A2 and A3 D) All three<br><br>FILL: To remove a rule, use Conditional Formatting > ____ Rules<br><br>HINDI TO TASK: Colour all marks that are above 50 in a small three-cell list.<br><br>PRACTICE QUESTION: A1: 10, A2: 45, A3: 60, A4: 25. You apply Highlight Cells Rules > Less Than > 30 to A1:A4. Which cells get coloured?	MCQ answer: C  55 and 80 are greater than 50; 30 is not. Only A3 would be wrong because 55 also passes the rule.<br>Fill answer: Clear<br>Task answer:<br>A1: 30<br>A2: 55<br>A3: 80<br>Steps: select A1:A3 > Home tab > Conditional Formatting > Highlight Cells Rules > Greater Than > 50 > OK<br>Result: A2 and A3 are coloured<br>Practice answer:<br>A1 and A4 (10 and 25)	03_Formatting_&_Organising_Intermediate_XL-015_quiz
MCQ: In Data Validation with Allow: List, the Source box contains Red,Green,Blue. How many choices appear in the drop-down?<br>A) 1 B) 2 C) 3 D) 4<br><br>FILL: In Data Validation, the setting to choose a drop-down is Allow: ____<br><br>HINDI TO TASK: Make a cell that lets the user pick only Yes or No.<br><br>PRACTICE QUESTION: In Data Validation, Allow is List and Source is typed as Pen,Book,Ink. How many items are in the drop-down and which is the second?	MCQ answer: C  Commas separate the typed list into Red, Green and Blue, which makes three choices.<br>Fill answer: List<br>Task answer:<br>Steps: click B2 > Data tab > Data Validation > Settings > Allow: List > Source: Yes,No > OK<br>Result: B2 shows a drop-down with Yes and No<br>Practice answer:<br>3 items; the second is Book	03_Formatting_&_Organising_Intermediate_XL-016_quiz
MCQ: A Name column has Pen, Book, Pen, Pen, Ink and you run Remove Duplicates on it. How many unique values remain?<br>A) 5 B) 4 C) 3 D) 2<br><br>FILL: The tab that holds the Remove Duplicates button is the ____ tab<br><br>HINDI TO TASK: Remove the repeated name from a small list so each name appears only once.<br><br>PRACTICE QUESTION: A1: Name. A2: Pen, A3: Book, A4: Pen, A5: Pen, A6: Ink. You use Data tab > Remove Duplicates on the Name column. How many duplicates are removed and how many unique values remain?	MCQ answer: C  The unique values are Pen, Book and Ink, so 3 remain and 2 repeated Pen rows are removed.<br>Fill answer: Data<br>Task answer:<br>A1: Name<br>A2: Asha<br>A3: Ravi<br>A4: Asha<br>Steps: click A1 > Data tab > Remove Duplicates > tick Name > OK<br>Result: Asha, Ravi<br>Practice answer:<br>2 duplicates removed; 3 unique values remain (Pen, Book, Ink)	03_Formatting_&_Organising_Beginner_XL-017_quiz
MCQ: You copy a cell with =SUM(A1:A2) that shows 30, and paste into B1 using Paste Special > Values. What is in B1?<br>A) The formula =SUM(A1:A2) B) The number 30 as a fixed value C) The text SUM D) Nothing<br><br>FILL: On Windows, the shortcut to open Paste Special is Ctrl+Alt+____<br><br>HINDI TO TASK: Copy a total from a formula cell and paste it as a plain number.<br><br>PRACTICE QUESTION: A1: 5, A2: 8, D1: 2. You copy D1, select A1:A2, then Ctrl+Alt+V > Multiply > OK. What are A1 and A2 afterwards?	MCQ answer: B  Values pastes only the calculated result; the formula stays only in the original cell.<br>Fill answer: V<br>Task answer:<br>A1: 10<br>A2: 20<br>A3: =SUM(A1:A2)<br>Steps: click A3 > Ctrl+C > click B1 > Ctrl+Alt+V > Values > OK<br>Result: B1 shows 30 as a plain number<br>Practice answer:<br>A1 is 10 and A2 is 16	03_Formatting_&_Organising_Intermediate_XL-018_quiz
MCQ: B2 holds the number 50. What does =IF(B2>50,"High","Low") show?<br>A) High B) Low C) 50 D) FALSE<br><br>FILL: In =IF(A1>=40,"Pass",____), type the text shown when the mark is below 40<br><br>HINDI TO TASK: Write a formula that shows Pass if A1 is 40 or more, otherwise Fail.<br><br>PRACTICE QUESTION: A1: 35<br>B1: =IF(A1>=40,"Pass","Fail")<br>What does B1 show?	MCQ answer: B  50 is not greater than 50, so the test is false and the third part, Low, is returned.<br>Fill answer: "Fail"<br>Task answer:<br>A1: 35<br>B1: =IF(A1>=40,"Pass","Fail")<br>Result: Fail<br>Practice answer:<br>Fail	04_Logic_Beginner_XL-019_quiz
MCQ: A scholarship is given if marks (A1) are 80 or more, OR attendance (B1) is 90 or more. Which formula is correct?<br>A) =AND(A1>=80,B1>=90) B) =OR(A1>=80,B1>=90) C) =NOT(A1>=80) D) =IF(A1>=80)<br><br>FILL: To make a test pass only when all conditions are true, use ____<br><br>HINDI TO TASK: Write a formula that shows Pass only if both A1 and B1 are 40 or more.<br><br>PRACTICE QUESTION: A1: 60, B1: 20<br>C1: =IF(OR(A1>=50,B1>=50),"Yes","No")<br>What does C1 show?	MCQ answer: B  The rule needs only one of the two conditions to be true, which is what OR does; AND would need both.<br>Fill answer: AND<br>Task answer:<br>A1: 50<br>B1: 30<br>C1: =IF(AND(A1>=40,B1>=40),"Pass","Fail")<br>Result: Fail<br>Practice answer:<br>Yes	04_Logic_Intermediate_XL-020_quiz
MCQ: A1 holds 60. What does =IFS(A1>90,"A",A1>60,"B",TRUE,"C") show?<br>A) A B) B C) C D) #N/A<br><br>FILL: =____(A1>=90,"A",A1>=60,"B",TRUE,"C")<br><br>HINDI TO TASK: In A1 write 65. In B1 show "High" if A1 is 80 or more, "Medium" if 50 or more, otherwise "Low".<br><br>PRACTICE QUESTION: A1: 85<br>B1: =IFS(A1>=90,"A",A1>=75,"B",A1>=60,"C",TRUE,"F")<br>What does B1 show?	MCQ answer: C  60 is not more than 90 and not more than 60, so both tests fail and the TRUE catch-all gives C. B is tempting but needs A1>60, not equal.<br>Fill answer: IFS<br>Task answer:<br>A1: 65<br>B1: =IFS(A1>=80,"High",A1>=50,"Medium",TRUE,"Low")<br>Practice answer:<br>B	04_Logic_Intermediate_XL-021_quiz
MCQ: A1 holds the text abc. What does =IFERROR(A1*2,"Bad") show?<br>A) 0 B) #VALUE! C) Bad D) abc<br><br>FILL: =____(A1/B1,"Check")<br><br>HINDI TO TASK: In A1 write 8 and in B1 write 0. In C1 divide A1 by B1, but show the number -1 if the division fails.<br><br>PRACTICE QUESTION: A1: 8<br>B1: 0<br>C1: =IFERROR(A1/B1,-1)<br>What does C1 show?	MCQ answer: C  Multiplying text by 2 gives #VALUE!, and IFERROR replaces that error with Bad. The error itself is never shown.<br>Fill answer: IFERROR<br>Task answer:<br>A1: 8<br>B1: 0<br>C1: =IFERROR(A1/B1,-1)<br>Practice answer:<br>-1	04_Logic_Intermediate_XL-022_quiz
MCQ: A name that is not in the list is searched with =VLOOKUP("Zoya",A1:B3,2,FALSE). Which error appears?<br>A) #REF! B) #N/A C) #VALUE! D) #DIV/0!<br><br>FILL: Dividing a number by an empty cell gives ____<br><br>HINDI TO TASK: In A1 write 20 and in B1 write 0. In C1 divide A1 by B1 and note which error appears.<br><br>PRACTICE QUESTION: A1: 20<br>B1: 0<br>C1: =A1/B1<br>What does C1 show?	MCQ answer: B  A lookup that finds no match returns #N/A. #REF! would need a column number larger than the table, which is not the case here.<br>Fill answer: #DIV/0!<br>Task answer:<br>A1: 20<br>B1: 0<br>C1: =A1/B1<br>C1 shows #DIV/0!<br>Practice answer:<br>#DIV/0!	04_Logic_Intermediate_XL-023_quiz
MCQ: B1:B5 holds 100, 200, 150, 50 and 300. What does =COUNTIF(B1:B5,">100") show?<br>A) 2 B) 3 C) 4 D) 650<br><br>FILL: =____(A1:A5,"Delhi") counts the cells that equal Delhi<br><br>HINDI TO TASK: A1 to A4 hold Red, Blue, Red, Red and B1 to B4 hold 5, 3, 2, 10. Add only the numbers where the colour is Red.<br><br>PRACTICE QUESTION: A1: Red<br>A2: Blue<br>A3: Red<br>A4: Red<br>B1: 5<br>B2: 3<br>B3: 2<br>B4: 10<br>D1: =SUMIF(A1:A4,"Red",B1:B4)<br>What does D1 show?	MCQ answer: B  The values above 100 are 200, 150 and 300, which makes 3 cells; 650 is their sum, which is what SUMIF would give.<br>Fill answer: COUNTIF<br>Task answer:<br>A1: Red<br>A2: Blue<br>A3: Red<br>A4: Red<br>B1: 5<br>B2: 3<br>B3: 2<br>B4: 10<br>D1: =SUMIF(A1:A4,"Red",B1:B4)<br>Practice answer:<br>17	05_Conditional_Maths_Intermediate_XL-024_quiz
MCQ: With the table in the card, what does =SUMIFS(C1:C5,A1:A5,"Pune",B1:B5,"Feb") show?<br>A) 250 B) 200 C) 50 D) 0<br><br>FILL: =____(A1:A5,"Delhi",B1:B5,"Jan") counts rows that match both conditions<br><br>HINDI TO TASK: Using the same table, count the rows where the city is Delhi and the month is Feb.<br><br>PRACTICE QUESTION: A1: Delhi<br>A2: Delhi<br>A3: Pune<br>A4: Delhi<br>A5: Pune<br>B1: Jan<br>B2: Feb<br>B3: Jan<br>B4: Jan<br>B5: Feb<br>C1: 100<br>C2: 150<br>C3: 200<br>C4: 300<br>C5: 50<br>E1: =SUMIFS(C1:C5,B1:B5,"Jan",C1:C5,">100")<br>What does E1 show?	MCQ answer: C  Only row 5 is both Pune and Feb, and its sales are 50. 250 is all Pune sales and 200 is Pune in Jan.<br>Fill answer: COUNTIFS<br>Task answer:<br>E1: =COUNTIFS(A1:A5,"Delhi",B1:B5,"Feb")<br>Practice answer:<br>500	05_Conditional_Maths_Intermediate_XL-025_quiz
MCQ: A1:B3 holds IDs 101, 102, 103 with names in column B. What does =VLOOKUP(104,A1:B3,2,FALSE) show?<br>A) Meena B) 0 C) #N/A D) #REF!<br><br>FILL: =VLOOKUP(D1,A1:B3,2,____) gives an exact match when the last argument is<br><br>HINDI TO TASK: A1 to A3 hold Pen, Book, Bag and B1 to B3 hold 10, 50, 300. In D1 write Book. Find its price and multiply it by 2.<br><br>PRACTICE QUESTION: A1: Pen<br>B1: 10<br>A2: Book<br>B2: 50<br>A3: Bag<br>B3: 300<br>D1: Book<br>E1: =VLOOKUP(D1,A1:B3,2,FALSE)*2<br>What does E1 show?	MCQ answer: C  104 is not in the first column, so an exact lookup gives #N/A. #REF! would appear only if the column number were larger than the table.<br>Fill answer: FALSE<br>Task answer:<br>A1: Pen<br>B1: 10<br>A2: Book<br>B2: 50<br>A3: Bag<br>B3: 300<br>D1: Book<br>E1: =VLOOKUP(D1,A1:B3,2,FALSE)*2<br>Practice answer:<br>100	06_Lookup_Intermediate_XL-026_quiz
MCQ: A1:A3 holds Asha, Ravi, Meena and B1:B3 holds 50, 70, 60. What does =INDEX(B1:B3,MATCH("Meena",A1:A3,0)) show?<br>A) 3 B) 60 C) 70 D) Meena<br><br>FILL: =INDEX(B1:B3,____("Ravi",A1:A3,0)) finds the position of Ravi<br><br>HINDI TO TASK: A1 to A3 hold Pen, Book, Bag and B1 to B3 hold 10, 50, 300. Find the item name whose price is 50 using INDEX and MATCH.<br><br>PRACTICE QUESTION: A1: Pen<br>B1: 10<br>A2: Book<br>B2: 50<br>A3: Bag<br>B3: 300<br>D1: =INDEX(A1:A3,MATCH(50,B1:B3,0))<br>What does D1 show?	MCQ answer: B  MATCH gives position 3 and INDEX returns the third value of B1:B3, which is 60. The answer 3 would come from MATCH alone.<br>Fill answer: MATCH<br>Task answer:<br>A1: Pen<br>B1: 10<br>A2: Book<br>B2: 50<br>A3: Bag<br>B3: 300<br>D1: =INDEX(A1:A3,MATCH(50,B1:B3,0))<br>Practice answer:<br>Book	06_Lookup_Advanced_XL-027_quiz
MCQ: A1:A3 holds Asha, Ravi, Meena and B1:B3 holds 50, 70, 60. What does =XLOOKUP("ravi",A1:A3,B1:B3) show?<br>A) 70 B) #N/A C) 50 D) 60<br><br>FILL: =____("Ravi",A1:A3,B1:B3) is the lookup function that needs Microsoft 365 or Excel 2021<br><br>HINDI TO TASK: A1 to A3 hold Pen, Book, Bag and B1 to B3 hold 10, 50, 300. Look up Cap and show the words Not found if it is missing.<br><br>PRACTICE QUESTION: A1: Pen<br>B1: 10<br>A2: Book<br>B2: 50<br>A3: Bag<br>B3: 300<br>D1: =XLOOKUP("Cap",A1:A3,B1:B3,"Not found")<br>What does D1 show?	MCQ answer: A  XLOOKUP ignores upper and lower case, so ravi matches Ravi in position 2 and returns 70.<br>Fill answer: XLOOKUP<br>Task answer:<br>A1: Pen<br>B1: 10<br>A2: Book<br>B2: 50<br>A3: Bag<br>B3: 300<br>D1: =XLOOKUP("Cap",A1:A3,B1:B3,"Not found")<br>Practice answer:<br>Not found	06_Lookup_Advanced_XL-028_quiz
MCQ: A1 holds INV-4501. What does =MID(A1,5,2) show?<br>A) 4501 B) 45 C) -4 D) 50<br><br>FILL: =____(A1,3) gives the first 3 characters of the text in A1<br><br>HINDI TO TASK: In A1 write ORDER-9087. In B1 show the first 5 letters, a slash, and the last 2 characters joined together.<br><br>PRACTICE QUESTION: A1: ORDER-9087<br>B1: =LEFT(A1,5)&"/"&RIGHT(A1,2)<br>What does B1 show?	MCQ answer: B  The characters are I, N, V, dash, then 4 is at position 5, so taking 2 characters gives 45. The answer 4501 would need 4 characters.<br>Fill answer: LEFT<br>Task answer:<br>A1: ORDER-9087<br>B1: =LEFT(A1,5)&"/"&RIGHT(A1,2)<br>Practice answer:<br>ORDER/87	07_Text_Beginner_XL-029_quiz
MCQ: A1 holds two spaces, then Hi, then two spaces. What does =LEN(TRIM(A1)) show?<br>A) 6 B) 4 C) 2 D) 0<br><br>FILL: =____(A1) removes extra spaces from the text in A1<br><br>HINDI TO TASK: In A1 write Meena with two spaces on each side. In B1 show how many characters Meena has after the extra spaces are removed.<br><br>PRACTICE QUESTION: A1: (one space)Ravi(two spaces)Kumar(one space)<br>B1: =LEN(A1)-LEN(TRIM(A1))<br>What does B1 show?	MCQ answer: C  TRIM removes all the spaces at both ends, leaving Hi, which has 2 characters. 6 would be LEN without TRIM.<br>Fill answer: TRIM<br>Task answer:<br>A1: (two spaces)Meena(two spaces)<br>B1: =LEN(TRIM(A1))<br>Practice answer:<br>3	07_Text_Beginner_XL-030_quiz
MCQ: A1 has Hi, A2 is an empty cell, A3 has Yes. What does =TEXTJOIN("-",TRUE,A1:A3) show?<br>A) Hi-Yes B) Hi-blank-Yes C) Yes-Hi D) #VALUE!<br><br>FILL: =____(", ",TRUE,A1:A3) joins the range with commas and skips empty cells<br><br>HINDI TO TASK: A1 has a first name and B1 has a last name. Write a formula in C1 that shows both names with one space between them.<br><br>PRACTICE QUESTION: A1: Sun<br>A2: Mon<br>A3: Tue<br>B1: =TEXTJOIN("/",TRUE,A1:A3)<br>What does B1 show?	MCQ answer: A  TRUE tells TEXTJOIN to skip the empty cell, so only one dash is placed between Hi and Yes. FALSE would give Hi--Yes.<br>Fill answer: TEXTJOIN<br>Task answer:<br>A1: Asha<br>B1: Rao<br>C1: =A1&" "&B1<br>Practice answer:<br>Sun/Mon/Tue	07_Text_Intermediate_XL-031_quiz
MCQ: B1: =TEXT(0.256,"0%") What do you get, and what type of value is it?<br>A) The number 0.256 B) The number 26 C) The text 26% D) The text 0.256%<br><br>FILL: =____(7,"000") shows 007<br><br>HINDI TO TASK: A1 has the number 1234567. Show it with commas in B1 using TEXT.<br><br>PRACTICE QUESTION: B1: =TEXT(DATE(2024,8,15),"dddd")<br>Which day name does B1 show?	MCQ answer: C  The format 0% multiplies by 100 and adds the sign, and TEXT always returns text, so it is the text 26%.<br>Fill answer: TEXT<br>Task answer:<br>A1: 1234567<br>B1: =TEXT(A1,"#,##0")<br>Practice answer:<br>Thursday	07_Text_Intermediate_XL-032_quiz
MCQ: A1 holds Pune;Agra;Delhi. Which separator should you choose in the wizard to place each city in its own column?<br>A) Comma B) Space C) Semicolon D) Tab<br><br>FILL: Data tab > ____ to Columns splits one column into many<br><br>HINDI TO TASK: A1 has Asha,Rao,Delhi. Split it into three columns using the wizard.<br><br>PRACTICE QUESTION: A1: 10;20;30<br>B1 and C1 are empty<br>You use Text to Columns on A1, Delimited, Semicolon. What do A1, B1 and C1 show?	MCQ answer: C  The cities are separated by semicolon signs, so the Semicolon box must be ticked. Choosing Comma would leave the whole text in one cell.<br>Fill answer: Text<br>Task answer:<br>Select A1 > Data tab > Text to Columns > Delimited > Next > tick Comma > Finish<br>Practice answer:<br>A1 shows 10, B1 shows 20, C1 shows 30	07_Text_Intermediate_XL-033_quiz
MCQ: A1: =DATE(2024,12,31)+1 The cell is formatted as dd-mm-yyyy. What does A1 show?<br>A) 31-12-2025 B) 01-01-2025 C) 32-12-2024 D) #VALUE!<br><br>FILL: ____() shows the current date and updates every day<br><br>HINDI TO TASK: Make a date 15 August 2024 using a formula, then show the date 10 days later in the next cell.<br><br>PRACTICE QUESTION: A1: =DATE(2024,1,31)+1<br>A1 is formatted as dd-mm-yyyy. What does A1 show?	MCQ answer: B  Adding 1 to a date moves it to the next day, and the day after 31 December 2024 is 1 January 2025.<br>Fill answer: TODAY<br>Task answer:<br>A1: =DATE(2024,8,15)<br>A2: =A1+10<br>Practice answer:<br>01-02-2024	08_Dates_Beginner_XL-034_quiz
MCQ: =NETWORKDAYS(DATE(2024,3,1),DATE(2024,3,8)) is typed in a cell. Mar 1, 2024 is a Friday. What does it return?<br>A) 5 B) 6 C) 7 D) 8<br><br>FILL: ____(A1,A2,"Y") counts the complete years between two dates<br><br>HINDI TO TASK: Show the last day of the month for a date in A1 using a formula.<br><br>PRACTICE QUESTION: A1: =DATE(2024,1,15)<br>B1: =EOMONTH(A1,1)<br>B1 is formatted as dd-mm-yyyy. What does it show?	MCQ answer: B  Friday 1 March counts, then Monday 4 to Friday 8 March gives 5 more days, so 1 + 5 = 6.<br>Fill answer: DATEDIF<br>Task answer:<br>A1: =DATE(2024,2,10)<br>B1: =EOMONTH(A1,0)<br>Practice answer:<br>29-02-2024	08_Dates_Intermediate_XL-035_quiz
MCQ: A PivotTable is made from a sales list. After you add three new rows to the list, what must you do to see them in the PivotTable?<br>A) Press Ctrl+S B) Right-click the PivotTable and choose Refresh C) Close and reopen Excel D) Retype the Values field<br><br>FILL: Drag the Region field to ____ to get one row per region in the PivotTable<br><br>HINDI TO TASK: Make a PivotTable that shows the total sales for each region.<br><br>PRACTICE QUESTION: A1: Region, B1: Sales<br>A2: East, B2: 40<br>A3: West, B3: 25<br>A4: East, B4: 60<br>Rows = Region, Values = Sum of Sales. What does the PivotTable show for East and for the Grand Total?	MCQ answer: B  A PivotTable keeps a stored copy of the data, so Refresh (Alt+F5) is needed to read the new rows. Saving does not refresh it.<br>Fill answer: Rows<br>Task answer:<br>Click any cell in the data > Insert tab > PivotTable > OK > drag Region to Rows > drag Sales to Values<br>Practice answer:<br>East 100, West 25, Grand Total 125	09_Analysis_Intermediate_XL-036_quiz
MCQ: You have sales for 12 months and want to show how they went up and down during the year. Which chart suits best?<br>A) Pie B) Line C) Doughnut D) Radar<br><br>FILL: Use a ____ chart to show how a value changes over many months<br><br>HINDI TO TASK: Make a column chart from the month and sales table so that you can compare the months.<br><br>PRACTICE QUESTION: A1: Item, B1: Cost<br>A2: Pen, B2: 5<br>A3: Book, B3: 15<br>A4: Bag, B4: 30<br>You insert a pie chart and show percentage labels. What percentage does the Bag slice show?	MCQ answer: B  A line chart connects points in time order, so rises and falls are easy to follow. A pie suits only a few parts of one whole.<br>Fill answer: line<br>Task answer:<br>Select A1:B4 > Insert tab > Charts group > Column > Clustered Column<br>Practice answer:<br>60%	09_Analysis_Intermediate_XL-037_quiz
MCQ: Which of these is a valid name for a range in Excel?<br>A) 2024Sales B) Sales Tax C) Sales_Tax D) A1<br><br>FILL: Select the cells, type the name in the ____ left of the formula bar and press Enter<br><br>HINDI TO TASK: Name the cells A1:A2 as Marks and then find their sum with a formula.<br><br>PRACTICE QUESTION: A1: 5<br>A2: 15<br>A1:A2 is named Marks.<br>B1: =SUM(Marks)*2<br>What does B1 show?	MCQ answer: C  Names may use letters, digits and underscores but cannot start with a digit, contain spaces or look like a cell address. Only Sales_Tax follows these rules.<br>Fill answer: Name Box<br>Task answer:<br>A1: 5<br>A2: 15<br>Select A1:A2, type Marks in the Name Box, press Enter<br>B1: =SUM(Marks)<br>Practice answer:<br>40	09_Analysis_Intermediate_XL-038_quiz
MCQ: A1: 3, A2: 8, A3: 5. What does =FILTER(A1:A3,A1:A3>4) return?<br>A) 8 and 5 in two cells B) 5 and 8 in two cells C) 3 only D) #SPILL!<br><br>FILL: =____(A1:A5) removes repeated values and returns each one once<br><br>HINDI TO TASK: From names in A1:A4 and marks in B1:B4, list only the rows with marks of 60 or more.<br><br>PRACTICE QUESTION: A1: Pune<br>A2: Agra<br>A3: Pune<br>A4: Delhi<br>A5: Agra<br>C1: =SORT(UNIQUE(A1:A5))<br>What do C1, C2 and C3 show?	MCQ answer: A  Only 8 and 5 are greater than 4, and FILTER keeps the original order, so it returns 8 and then 5.<br>Fill answer: UNIQUE<br>Task answer:<br>A1: Asha<br>B1: 80<br>A2: Ravi<br>B2: 45<br>A3: Meena<br>B3: 90<br>A4: Tara<br>B4: 60<br>D1: =FILTER(A1:B4,B1:B4>=60)<br>Practice answer:<br>C1 shows Agra, C2 shows Delhi, C3 shows Pune	09_Analysis_Advanced_XL-039_quiz
MCQ: A query already loads a CSV file. Next month the CSV file has new rows in the same place. What is the fastest way to bring them into the sheet?<br>A) Data tab > Refresh All B) Repeat all steps by hand C) Delete the query D) Press F9<br><br>FILL: In Power Query, the list of recorded actions on the right is called ____ Steps<br><br>HINDI TO TASK: Load a table into Power Query and remove duplicate names, then load it back to a sheet.<br><br>PRACTICE QUESTION: A1: Name, A2: Asha, A3: Ravi, A4: Asha, A5: Meena<br>You load it in Power Query, remove duplicates on Name and click Close & Load. How many names are in the loaded table, not counting the heading?	MCQ answer: A  Refresh All runs the saved steps again on the changed source. F9 recalculates formulas but does not refresh a query.<br>Fill answer: Applied<br>Task answer:<br>Click a cell in the table > Data tab > From Table/Range > OK > select Name column > Home tab > Remove Rows > Remove Duplicates > Close & Load<br>Practice answer:<br>3	09_Analysis_Advanced_XL-040_quiz
