hf_20260917_063304_61212b50-210e-4cb5-a6bd-551927fb2636,VRB-001
hf_20260917_063303_ec3b963f-2e19-4201-9ff0-e3a92518bd87,PHR-001
hf_20260917_063303_bb773fc4-338d-4101-ac99-71bbf5fa1883,ADJ-001
hf_20260917_063304_72392632-0a05-41e4-9543-42407cd744e7,ADV-001
hf_20260917_063303_2aed562e-0853-486b-8e1d-d5f84d576599,NUM-001
hf_20260917_063303_e2de06b1-e3e1-4719-825b-bf48257ea6a5,PRN-001
hf_20260917_063303_6a6396c1-4fb3-441b-bca7-12fc58227acb,PRP-014
hf_20260917_063303_cb528c96-1183-4884-aa1c-40b948a00c22,PRP-041
hf_20260917_063303_e14fa29f-352b-4efc-8ce3-30a7eab613fc,CNJ-001
hf_20260917_063304_8f790f6c-4187-4964-b5ab-b48046f16da6,CNJ-007
